patient_id,assigned_sex,given_name,surname,address,city,state,zip_code,country,birthdate,weight,height,bmi,email,phonenumber
1,female,Zoe,Wellish,576 Brown Bear Drive,Rancho California,CA,92390,United States,1976-07-10,121.7,66,19.6,ZoeWellish@superrito.com,19517199170
2,female,Pamela,Hill,2370 University Hill Road,Armstrong,IL,61812,United States,1967-04-03,118.8,66,19.2,PamelaSHill@cuvox.de,12175693204
3,male,Jae,Debord,1493 Poling Farm Road,York,NE,68467,United States,1980-02-19,177.8,71,24.8,JaeMDebord@gustr.com,14023636804
4,male,Liêm,Phan,2335 Webster Street,Woodbridge,NJ,07095,United States,1951-07-26,220.9,70,31.7,PhanBaLiem@jourrapide.com,17326368246
5,male,Tim,Neudorf,1428 Turkey Pen Lane,Dothan,AL,36303,United States,1928-02-18,192.3,72,26.1,TimNeudorf@cuvox.de,13345157487
6,male,Rafael,Costa,1140 Willis Avenue,Daytona Beach,FL,32114,United States,1931-08-31,183.9,70,26.4,RafaelCardosoCosta@gustr.com,13863345237
7,female,Mary,Adams,3145 Sheila Lane,Burbank,NV,84728,United States,1969-11-19,146.3,65,24.3,MaryBAdams@einrot.com,17755335933
8,female,Xiuxiu,Chang,2687 Black Oak Hollow Road,Morgan Hill,CA,95037,United States,1958-08-13,158.0,60,30.9,XiuxiuChang@einrot.com,14087783236
9,male,David,Gustafsson,1790 Nutter Street,Kansas City,MO,64105,United States,1937-03-06,163.9,66,26.5,DavidGustafsson@armyspy.com,18162659578
10,female,Sophie,Cabrera,3303 Anmoore Road,New York,NY,10011,United States,1930-12-03,194.7,64,33.4,SophieCabreraIbarra@teleworm.us,17187959124
11,female,Sandy,Gunnarsson,87 Wood Duck Drive,Rudyard,MI,49780,United States,1974-07-16,199.3,62,36.4,SandyGunnarsson@dayrep.com,19064788949
12,male,Abdul-Nur,Isa,1092 Farm Meadow Drive,Brentwood,TN,37027,United States,1954-02-03,238.7,73,31.5,Abdul-NurMummarIsa@rhyta.com,19312070839
13,male,Omeokachie,Ibeamaka,2544 Worley Avenue,Lynchburg,VA,24504,United States,1957-08-05,224.2,69,33.1,OmeokachieIbeamaka@einrot.com,14345092614
14,female,Anenechi,Chidi,826 Broad Street,Birmingham,AL,35203,United States,1961-03-07,228.4,67,35.8,AnenechiChidi@armyspy.com,12054178095
15,female,Asia,Woźniak,4970 Heather Sees Way,Tulsa,OK,74105,United States,1997-08-15,112.0,65,18.6,AsiaWozniak@rhyta.com,19187123469
16,male,Søren,Lund,2438 Shady Pines Drive,Kingsport,VA,37660,United States,1922-08-23,201.5,64,34.6,SrenFLund@gustr.com,12762251955
17,female,Tám,Liễu,2152 Heritage Road,Fresno,CA,93706,United States,1952-11-14,183.9,61,34.7,LieuThiThuTam@dayrep.com,15597657836
18,female,Roxanne,Andreyeva,2103 Edington Drive,Smyrna,GA,30082,United States,1922-07-24,129.1,60,25.2,RoxanneAndreyeva@armyspy.com,16788298578
19,male,William,Oates,441 Tibbs Avenue,Ekalaka,MT,59324,United States,1949-09-04,202.2,64,34.7,WilliamVOates@armyspy.com,14067752696
20,male,Zak,Kelly,994 Hill Croft Farm Road,Oroville,CA,95966,United States,1988-12-13,208.8,70,30.0,ZakKelly@rhyta.com,15305328397
21,female,Sofia,Karlsen,2931 Romano Street,Whitman,MA,02382,United States,1934-09-24,153.1,66,24.7,SofiaTKarlsen@teleworm.us,17814471763
22,male,Samúel,Guðbrandsson,1904 Granville Lane,Elmsford,NJ,10523,United States,1983-04-12,223.7,69,33.0,SamuelGubrandsson@teleworm.us,19734455341
23,male,Manchu,Su,1092 Deans Lane,Pleasantville,NY,10570,United States,1936-01-19,130.7,65,21.7,ManchuSu@einrot.com,19147456108
24,male,Lovre,Galić,4941 Marion Drive,Winter Haven,FL,33830,United States,1960-05-26,222.9,66,36.0,LovreGalic@gustr.com,18133559476
25,male,Jakob,Jakobsen,648 Old Dear Lane,Port Jervis,NY,12771,United States,1985-08-01,155.8,67,24.4,JakobCJakobsen@einrot.com,18458587707
26,male,Gregor,Bole,922 Chapmans Lane,Albuquerque,NM,87109,United States,1922-06-19,180.8,67,28.3,GregorBole@gustr.com,15058284955
27,female,Ella,Lund,1207 Garfield Road,Peoria,IL,61602,United States,1933-12-19,144.8,61,27.4,EllaLund@armyspy.com,13096718852
28,male,Joseph,Tucker,4982 Wood Street,Venice,LA,70091,United States,1959-04-10,175.8,72,23.8,JosephNTucker@rhyta.com,19858147603
29,male,Robert,Wolf,2386 Linda Street,Fort Washington,PA,19034,United States,1937-06-26,206.6,70,29.6,RobertWolf@fleckens.hu,12678957462
31,female,Janina,Bazarova,3259 Roy Alley,Englewood,CO,80112,United States,1964-06-29,156.9,65,26.1,JaninaBazarova@superrito.com,13039102058
32,male,Tomáš,Navrátil,4870 Corbin Branch Road,Bluff City,TN,37618,United States,1935-04-08,133.3,70,19.1,TomasNavratil@dayrep.com,14235384887
33,female,Một,Phạm,2690 Pin Oak Drive,Long Beach,CA,90815,United States,1997-01-30,147.6,69,21.8,PhamThiBichMot@dayrep.com,15629854582
34,male,Habte,Kifle,2055 Emeral Dreams Drive,Dekalb,IL,60115,United States,1946-01-20,153.8,72,20.9,HabteKifle@fleckens.hu,18152707770
35,female,Mariana,Souza,577 Chipmunk Lane,Orrington,ME,04474,United States,1948-03-06,152.9,63,27.1,MarianaGomesSouza@superrito.com,12078258634
36,female,Kamila,Pecinová,3558 Longview Avenue,New York,NY,10004,United States,1985-12-23,198.9,62,36.4,KamilaPecinova@dayrep.com,17185010503
37,female,Naja,Enoksen,2915 Lynn Avenue,Eau Claire,WI,54701,United States,1931-11-26,156.4,66,25.2,NajaEnoksen@fleckens.hu,17155627013
38,female,Albinca,Komavec,1257 Elsie Drive,Huron,SD,57350,United States,1986-06-05,189.9,66,30.6,AlbincaKomavec@rhyta.com,16052046572
39,female,Genet,Fesahaye,4649 Joanne Lane,Westborough,MA,01581,United States,1954-01-11,111.8,67,17.5,GenetFesahaye@armyspy.com,19784609060
40,female,Ganimete,Ščančar,4105 Ferguson Street,Walpole,MA,02081,United States,1947-10-25,191.6,67,30.0,GanimeteScancar@cuvox.de,15084542027
41,male,Tješimir,Lukić,3636 Junior Avenue,Atlanta,GA,30303,United States,1941-10-24,147.8,70,21.2,TjesimirLukic@jourrapide.com,14045474508
42,male,Fakhri,Fakhoury,155 Red Hawk Road,Danube,MN,56230,United States,1979-11-04,143.0,66,23.1,FakhriHaniFakhoury@cuvox.de,13208263340
43,female,Mizuki,Iwata,3434 Holt Street,West Palm Beach,FL,33409,United States,1927-06-30,199.1,61,37.6,MizukiIwata@gustr.com,15613570702
44,female,Zizi,Schmitt,669 Archwood Avenue,Mountain View,WY,82939,United States,1968-02-09,198.9,67,31.1,SchmittZizi@fleckens.hu,13077120508
45,female,Blanka,Jurković,3165 Upton Avenue,Waterville,ME,04901,United States,1923-01-26,129.8,66,20.9,BlankaJurkovic@superrito.com,12078614587
46,female,Liisa,Seppälä,1012 Lords Way,Adamsville,TN,38310,United States,1930-02-15,157.7,63,27.9,LiisaSeppala@einrot.com,17316322908
47,male,Javier,Moquin,1808 Stuart Street,Pittsburgh,PA,15201,United States,1941-08-07,163.9,72,22.2,JavierMoquin@rhyta.com,17244193583
48,female,Ana,Correia,1495 Post Farm Road,Atlanta,GA,30337,United States,1962-11-04,186.6,65,31.0,AnaSousaCorreia@rhyta.com,14042891766
49,female,Annika,Vaara,4853 University Drive,Lombard,IL,60148,United States,1996-02-20,109.1,67,17.1,AnnikaVaara@rhyta.com,13127197238
50,female,Vivien,Zsinkó,4141 Davis Place,Maumee,OH,43537,United States,1974-03-06,113.3,64,19.4,ZsinkoVivien@teleworm.us,14192626953
51,male,Stephen,Gibson,283 Simons Hollow Road,Wilkes Barre,PA,18701,United States,1991-04-25,238.9,70,34.3,StephenGibson@cuvox.de,15708191140
52,female,Noe,Aranda,3977 Jail Drive,Davenport,IL,52801,United States,1938-08-07,107.1,63,19.0,NoeArandaGranado@dayrep.com,13099129553
53,female,Brianna,Lansell,1389 Nutters Barn Lane,Urbandale,IA,50322,United States,1950-12-04,202.0,62,36.9,BriannaLansell@fleckens.hu,15157279324
54,male,Kwemtochukwu,Ogochukwu,2172 Lynn Street,Franklin,MA,02038,United States,1976-06-30,150.5,72,20.4,KwemtochukwuOgochukwu@einrot.com,16173175055
55,female,Louise,Johnson,4984 Hampton Meadows,Burlington,MA,01803,United States,1931-03-01,141.0,62,25.8,LouiseJohnson@rhyta.com,19784071874
56,male,Anco,Pak,943 Hickory Ridge Drive,Las Vegas,NV,89119,United States,1943-02-12,217.6,72,29.5,AncoPak@cuvox.de,17027305584
57,female,Alissa,Montez,1435 Limer Street,Eatonton,GA,31024,United States,1951-01-08,133.8,61,25.3,AlissaMontezFranco@gustr.com,17064970891
58,female,Siebrigje,Koldenhof,34 Hamill Avenue,La Mesa,CA,91941,United States,1935-05-24,134.0,60,26.2,SiebrigjeKoldenhof@rhyta.com,18584133163
59,female,Yasmin,Araujo,3682 Stiles Street,Pittsburgh,PA,15205,United States,1981-03-21,196.0,67,30.7,YasminCardosoAraujo@superrito.com,14126407035
60,male,Avdei,Tikhonov,1368 Yorkshire Circle,Wilson,NC,27893,United States,1928-12-10,150.0,72,20.3,AvdeiTikhonov@gustr.com,12522913898
61,female,Barbora,Vesecká,4018 Poplar Avenue,San Diego,CA,92101,United States,1939-02-19,159.1,67,24.9,BarboraVesecka@gustr.com,16195703898
62,male,Alan,Milne,707 Gateway Avenue,Bakersfield,CA,93301,United States,1962-04-29,244.9,69,36.2,AlanMilne@dayrep.com,16617796795
63,female,Firenze,Fodor,1786 Gerald L. Bates Drive,Belmont,MA,02178,United States,1943-04-01,131.1,60,25.6,FodorFirenze@dayrep.com,16178835967
64,male,Yukitaka,Takenaka,1975 Holden Street,San Diego,CA,92103,United States,1944-11-24,193.2,72,26.2,YukitakaTakenaka@einrot.com,16192991495
65,male,Jaakko,Eskelinen,4324 Oak Street,Syracuse,NY,13221,United States,1971-02-26,163.7,68,24.9,JaakkoEskelinen@superrito.com,13153625858
66,male,Nicolas,Ferreira,2310 Overlook Drive,Rossville,IN,46065,United States,1976-10-27,211.9,69,31.3,NicolasSouzaFerreira@superrito.com,17653793885
67,male,Konstantyn,Kowalczyk,4707 Parkway Street,San Diego,CA,92103,United States,1938-03-02,194.3,67,30.4,KonstantynKowalczyk@armyspy.com,17602878295
68,male,Nebechi,Ekechukwu,2418 Smith Street,Marlboro,MA,01752,United States,1945-01-11,154.9,64,26.6,NebechiEkechukwu@teleworm.us,15088044850
69,female,Haruna,Azuma,1507 Woodlawn Drive,Milwaukee,WI,53204,United States,1978-02-22,149.8,63,26.5,HarunaAzuma@gustr.com,14146464353
70,male,Joseph,Day,1821 Virginia Street,Lombard,IL,60148,United States,1986-02-23,150.6,68,22.9,JosephMDay@teleworm.us,17736159328
71,male,Alexander,Mathiesen,3130 Jessie Street,Athens,OH,45701,United States,1955-12-02,195.6,68,29.7,AlexanderEMathiesen@superrito.com,17406295172
72,male,Leuco,Miranda,90 Meadow View Drive,Hartford,CT,06103,United States,1976-02-02,184.8,72,25.1,LeucoMirandaNieto@teleworm.us,18605150122
73,male,Søren,Frederiksen,4852 Rose Avenue,Metairie,LA,70001,United States,1931-02-12,214.5,65,35.7,SrenFrederiksen@armyspy.com,15042891386
74,female,Žarka,Rap,2661 Russell Street,Foxboro,MA,02035,United States,1995-12-28,139.3,68,21.2,ZarkaRap@superrito.com,19789696753
75,female,Hanka,Gegič,192 Patton Lane,Tulsa,OK,74106,United States,1926-01-20,103.2,61,19.5,HankaGegic@fleckens.hu,19189757594
76,male,Leo,Mancini,1813 Lindale Avenue,Fremont,CA,94538,United States,1964-09-26,195.1,68,29.7,LeoMancini@rhyta.com,15104986624
77,female,Maryam,Dratchev,3314 Rocket Drive,Minneapolis,MN,55410,United States,1983-01-15,190.1,63,33.7,MaryamDratchev@superrito.com,16129253123
78,female,Rut,Halldórsdóttir,1054 Zappia Drive,Lexington,KY,40507,United States,1959-05-09,162.6,66,26.2,RutHalldorsdottir@einrot.com,18592973368
79,female,Fauna,Bilodeau,4104 Kennedy Court,Mansfield,MA,02048,United States,1979-07-02,193.4,69,28.6,FaunaBilodeau@teleworm.us,17742635317
80,male,Eniz,Konovšek,783 Callison Lane,Philadelphia,DE,19108,United States,1967-06-23,183.9,72,24.9,EnizKonovsek@superrito.com,13023976035
81,male,Eufemio,Rosario,2531 Cantebury Drive,Westbury,NY,11590,United States,1923-02-28,183.7,71,25.6,EufemioRosarioAlarcon@gustr.com,16466210640
82,male,André,Nordin,836 Dovetail Estates,Gate,OK,73844,United States,1940-11-12,209.4,69,30.9,AndreNordin@cuvox.de,15809341141
83,female,Châu,Thạch,4814 Layman Court,Atlanta,GA,30346,United States,1999-03-03,171.4,60,33.5,ThachThiKieuChau@superrito.com,16783502390
84,male,Chen,Yao,2566 Ingram Street,Dayton,OH,45407,United States,1975-11-08,214.7,76,26.1,ChenYao@teleworm.us,19375231224
85,female,Nương,Vũ,465 Southern Street,New York,NY,10001,United States,1981-02-01,138.2,63,24.5,VuCamNuong@fleckens.hu,15167205094
86,male,Burrell,Mathieu,3816 Grand Avenue,Kissimmee,FL,34746,United States,1936-05-16,203.5,71,28.4,BurrellMathieu@teleworm.us,14076629389
87,male,Philemon,Abdulov,1341 Chatham Way,Temple Hills,MD,20031,United States,1943-07-07,171.4,70,24.6,PhilemonAbdulov@rhyta.com,12406955212
88,male,Magomed,Kadyrov,2063 Newton Street,Ogilvie,MN,56358,United States,1980-11-15,176.9,67,27.7,MagomedKadyrov@jourrapide.com,13202724299
89,male,Marius,Hansen,3251 Radio Park Drive,Augusta,GA,30902,United States,1948-06-27,227.7,76,27.7,MariusHansen@teleworm.us,17067555723
90,male,Kwasi,Mensa,479 Elmwood Avenue,Tempe,AZ,85281,United States,1942-10-05,145.4,69,21.5,KwasiMensa@cuvox.de,14809676336
91,male,Ingo,Rokavc,4271 Cherry Ridge Drive,Buffalo,NY,14214,United States,1977-08-27,192.3,67,30.1,IngoRokavc@superrito.com,15859029127
92,female,Caroline,Shuler,1403 Clousson Road,Houston,TX,77002,United States,1949-03-08,218.7,66,35.3,CarolineTShuler@jourrapide.com,17132301739
93,male,Michael,Smith,666 Whiteman Street,Mount Holly,NJ,08060,United States,1977-09-17,160.6,67,25.2,MichaelSmith@armyspy.com,16099148473
94,male,Elliot,Richardson,4230 Ridenour Street,Sunrise,FL,33323,United States,1973-01-14,168.1,71,23.4,ElliotRichardson@teleworm.us,17862340038
95,female,Gina,Cain,3418 Tyler Avenue,Miami,FL,33106,United States,1935-07-14,144.1,60,28.1,GinaACain@armyspy.com,13053618416
96,male,Sargent,Ruais,1009 Felosa Drive,Blackwell,TX,79506,United States,1942-01-01,205.3,72,27.8,SargentRuais@jourrapide.com,13252824087
97,female,Nasim,Salib,3161 Fantages Way,Presque Isle,ME,04769,United States,1971-07-30,211.4,65,35.2,NasimSumaiyaSalib@einrot.com,12077680477
98,male,Patrick,Gersten,2778 North Avenue,Burr,NE,68324,United States,1954-05-03,138.2,71,19.3,PatrickGersten@rhyta.com,14028484923
99,male,Jan,Baum,1733 Blackwell Street,Fairbanks,AK,99701,United States,1967-11-06,194.3,74,24.9,JanBaum@superrito.com,19073284125
100,male,Bernd,Schneider,1262 Deans Lane,Westbury,NY,11590,United States,1993-03-24,212.5,71,29.6,BerndSchneider@jourrapide.com,19148303940
101,male,Isac,Berg,1497 Hidden Meadow Drive,Binford,ND,58416,United States,1995-08-01,137.9,66,22.3,IsacBerg@cuvox.de,17016766301
102,male,Oles,Zhdanov,1731 Chandler Drive,Fordland,MO,65652,United States,1945-10-25,226.2,72,30.7,OlesZhdanov@fleckens.hu,14177385084
103,female,Najla,Touma,2146 Willow Greene Drive,Montgomery,AL,36104,United States,1948-08-20,165.0,61,31.2,NajlaQismahTouma@cuvox.de,13342611235
104,male,Tico,Koffeman,1030 McDonald Avenue,Maitland,FL,32751,United States,1926-04-20,167.6,69,24.7,TicoKoffeman@armyspy.com,14078380201
105,female,Yasmin,Silva,108 Griffin Street,Phoenix,AZ,85012,United States,1927-07-24,200.6,62,36.7,YasminAlmeidaSilva@einrot.com,16022657408
106,male,Nate,Bowden,4310 Johnson Street,Clinton,NC,28328,United States,1954-03-26,222.0,71,31.0,NateBowden@einrot.com,19199158670
107,male,Inunnguaq,Heilmann,4110 Capitol Avenue,New Castle,IN,47362,United States,1976-05-06,219.9,67,34.4,InunnguaqHeilmann@rhyta.com,17655998847
108,male,Rocco,Christie,1373 Wilmar Farm Road,Mount Airy,MD,21771,United States,1987-01-16,167.0,70,24.0,RoccoChristie@rhyta.com,12403221398
109,female,Marina,Glockner,475 Preston Street,Bushton,KS,67427,United States,1934-06-18,191.4,63,33.9,MarinaGlockner@dayrep.com,16209401131
110,male,Stephen,Mayberry,3063 School House Road,Hattiesburg,MS,39402,United States,1934-09-01,166.1,72,22.5,StephenFMayberry@jourrapide.com,16016994153
111,male,Miroslav,Štěpánek,2625 Romines Mill Road,Dallas,TX,75247,United States,1935-09-23,146.1,68,22.2,MiroslavStepanek@teleworm.us,12146370855
112,female,Nicole,Zimmerman,909 Williams Avenue,Newhall,CA,91321,United States,1984-01-14,225.9,74,29.0,NicoleZimmerman@rhyta.com,16612911812
113,female,Arnþrúður,Skarphéðinsdóttir,2578 Tenmile,Newport News,VA,23602,United States,1922-06-04,172.0,63,30.5,ArnruurSkarpheinsdottir@rhyta.com,17578855669
114,female,Svanhvít,Guðjónsdóttir,2641 Michael Street,Houston,TX,77074,United States,1931-07-23,204.2,63,36.2,SvanhvitGujonsdottir@cuvox.de,17137796516
115,male,Yunadi,Barsukov,2784 Turkey Pen Road,Manhattan,NY,10016,United States,1993-05-28,176.2,68,26.8,YunadiBarsukov@teleworm.us,19172565329
116,female,Caroline,Bois,1350 Meadow Lane,Lakeport,CA,95453,United States,1985-12-26,151.4,64,26.0,CarolineBois@rhyta.com,17072626503
117,male,Philipp,Ziegler,3686 Meadowcrest Lane,Allen,KY,41601,United States,1941-03-03,143.7,69,21.2,PhilippZiegler@superrito.com,16064174332
118,male,Sửu,Tạ,3464 Big Indian,New Orleans,LA,70112,United States,1928-05-24,182.2,67,28.5,TaQuiSuu@teleworm.us,15045288317
119,male,Adib,Ghanem,3457 Bridge Avenue,Delcambre,LA,70528,United States,1967-12-31,254.5,72,34.5,AdibMutazzGhanem@fleckens.hu,13376854885
120,female,Chaja,Bouw,2808 Circle Drive,Houston,TX,77063,United States,1979-09-16,211.9,70,30.4,ChajaBouw@dayrep.com,18324576625
121,female,Nicoline,Østergaard,2836 Boring Lane,San Francisco,CA,94108,United States,1926-12-14,124.5,63,22.1,NicolinePstergaard@superrito.com,14156768818
122,male,Frydryk,Adamski,1845 Saint Marys Avenue,Syracuse,NY,13221,United States,1941-10-12,230.8,76,28.1,FrydrykAdamski@armyspy.com,13158694408
123,male,Bội,Tạ,2389 Rubaiyat Road,Grand Rapids,MI,49503,United States,1929-05-30,211.0,69,31.2,TaHaBoi@superrito.com,12316073625
124,male,Tas,Fejes,4386 Badger Pond Lane,Tampa,FL,33634,United States,1982-12-02,193.2,66,31.2,FejesTas@jourrapide.com,17273318429
125,male,Ming,Hsu,2945 Ferguson Street,Quincy,MA,02169,United States,1960-11-04,215.6,69,31.8,MingHsu@armyspy.com,15085263432
126,female,Seweryna,Czerwinska,36 Heather Sees Way,Tulsa,OK,74119,United States,1982-06-30,203.5,63,36.0,SewerynaCzerwinska@jourrapide.com,19187147543
127,male,Mads,Nielsen,1493 Randolph Street,Boston,MA,02210,United States,1942-05-19,137.1,68,20.8,MadsANielsen@jourrapide.com,15087395632
128,female,Lena,Baer,272 Boone Crockett Lane,Elma,WA,98541,United States,1977-11-10,170.7,61,32.2,LenaBaer@rhyta.com,13604822553
129,male,Muhammad,Hughes,1965 Crestview Manor,Indianapolis,IN,46214,United States,1938-09-21,202.2,72,27.4,MuhammadHughes@rhyta.com,13172922394
130,female,Rebecca,Jephcott,989 Wayback Lane,New York,NY,10004,United States,1966-08-01,203.3,65,33.8,RebeccaJephcott@armyspy.com,16313707406
131,male,Albert,Wolfe,3710 Jerry Dove Drive,North Charleston,SC,29420,United States,1939-06-16,217.8,65,36.2,AlbertRWolfe@jourrapide.com,18434940313
132,female,Sandra,Taylor,2476 Fulton Street,Rainelle,WV,25962,United States,1960-10-23,206.1,64,35.4,SandraCTaylor@dayrep.com,13044382648
133,female,Tekla,Walczak,2421 Coal Road,Lake Ariel,PA,18436,United States,1936-07-22,159.9,59,32.3,TeklaWalczak@einrot.com,15706984203
134,female,Elisabeth,Dimmen,3180 Still Pastures Drive,Columbia,SC,29210,United States,1985-04-21,199.5,65,33.2,ElisabethDimmen@cuvox.de,18034653312
135,male,Jesse,Luoma,3714 Ben Street,Albany,NY,12207,United States,1922-06-01,154.9,66,25.0,JesseLuoma@fleckens.hu,15182127081
136,male,Willem-Jan,van der Lubbe,1717 Vineyard Drive,Cleveland,OH,44115,United States,1941-07-09,152.9,69,22.6,Willem-JanvanderLubbe@gustr.com,14403855011
137,female,Victoria,Mikkelsen,2121 Liberty Avenue,Los Angeles,CA,90017,United States,1925-05-07,179.3,63,31.8,VictoriaTMikkelsen@armyspy.com,17145074204
138,female,Emma,Barlow,1703 Everette Alley,Pompano Beach,FL,33062,United States,1953-01-25,175.6,60,34.3,EmmaBarlow@superrito.com,19547846658
139,male,Jose,Combs,718 Eden Drive,Richmond,VA,23220,United States,1975-12-27,171.2,74,22.0,JoseRCombs@rhyta.com,18049081436
140,female,Novalie,Berg,1275 Goldie Lane,Cincinnati,OH,45202,United States,1973-04-22,156.9,61,29.6,NovalieBerg@gustr.com,15133830516
141,male,John,Teichelmann,631 Isaacs Creek Road,Decatur,IL,62522,United States,1958-12-03,214.1,72,29.0,JohnTeichelmann@dayrep.com,12174210935
142,female,Evelyn,Uspenskaya,944 Thrash Trail,Dallas,TX,75207,United States,1934-10-25,110.2,61,20.8,EvelynUspenskaya@rhyta.com,19036442098
143,male,Finley,Chandler,2754 Westwood Avenue,New York,NY,10001,United States,1936-10-25,150.9,70,21.6,FinleyChandler@dayrep.com,15167405280
144,female,Amanda,Ribeiro,4155 Raccoon Run,Seattle,WA,98109,United States,1970-09-27,131.1,60,25.6,AmandaCavalcantiRibeiro@fleckens.hu,12069020473
145,male,Mile,Stanić,4640 Windy Ridge Road,Fort Wayne,IN,46804,United States,1961-10-31,244.9,71,34.2,MileStanic@dayrep.com,12605915755
146,male,Sauli,Koivuniemi,1990 Spring Avenue,Eagleville,PA,19403,United States,1974-07-24,170.9,66,27.6,SauliKoivuniemi@einrot.com,12676794137
147,male,Haylom,Nebay,1736 Parrill Court,East Chicago,IN,46312,United States,1963-09-01,185.9,70,26.7,HaylomNebay@gustr.com,12193917729
148,male,Kristian,Vukelić,4411 Libby Street,West Los Angeles,CA,90025,United States,1958-11-30,191.4,66,30.9,KristianVukelic@teleworm.us,13102686864
149,female,Riëtte,Scheltens,4473 Church Street,Brooklyn,NY,11227,United States,1940-09-30,198.4,67,31.1,RietteScheltens@dayrep.com,17184180766
150,male,Wawrzyniec,Nowakowski,1525 Crestview Terrace,Mountain Home,TX,78058,United States,1937-09-18,170.5,71,23.8,WawrzyniecNowakowski@teleworm.us,18306405848
151,male,Felicijan,Bubanj,4556 Oakdale Avenue,Dundee,FL,33838,United States,1957-05-22,226.6,71,31.6,FelicijanBubanj@einrot.com,18634386922
152,female,Satsita,Batukayev,2813 Frederick Street,Citrus Heights,CA,95610,United States,1953-02-17,219.6,66,35.4,SatsitaBatukayev@teleworm.us,19162247868
153,male,Christopher,Woodward,3450 Southern Street,New York,NY,10004,United States,1984-09-04,212.2,66,34.2,ChristopherWoodward@jourrapide.com,15166305900
154,male,John,Carreiro,1463 Martha Ellen Drive,Reno,NV,89509,United States,1976-04-08,177.8,68,27.0,JohnACarreiro@superrito.com,17757707827
155,female,Maya,Isaksson,1333 Comfort Court,Madison,WI,53711,United States,1959-07-14,137.7,67,21.6,MayaIsaksson@jourrapide.com,16082770146
156,female,Nina,Geisler,350 Ross Street,East Saint Louis,IL,62201,United States,1924-09-05,193.2,66,31.2,NinaGeisler@einrot.com,16182619896
157,male,Thống,Lê,174 Lost Creek Road,Roseville,MN,55113,United States,1929-02-09,172.9,68,26.3,LeVietThong@gustr.com,16122082965
158,female,Ellen,Luman,4643 Reeves Street,Chilton,WI,53014,United States,1951-02-26,184.6,60,36.0,EllenRLuman@einrot.com,19208490384
159,male,Chibuzo,Okoli,4291 Patton Lane,Tulsa,OK,74136,United States,1983-06-14,142.8,73,18.8,ChibuzoOkoli@einrot.com,19189715864
160,female,Coralie,Allaire,1066 Goosetown Drive,Sylva,NC,28779,United States,1925-03-04,149.4,66,24.1,CoralieAllaire@armyspy.com,18285865050
161,male,Flaviano,Endrizzi,3209 Crowfield Road,Phoenix,AZ,85023,United States,1928-10-11,195.1,75,24.4,FlavianoEndrizzi@cuvox.de,16029937880
162,male,Mitsunobu,Fujiwara,212 Tibbs Avenue,Chester,MT,59522,United States,1969-05-21,223.5,67,35.0,MitsunobuFujiwara@armyspy.com,14067596160
163,female,Sarina,Tabata,4646 Highland View Drive,Sacramento,CA,95814,United States,1967-04-21,201.7,63,35.7,SarinaTabata@teleworm.us,19165557247
164,female,Hawra',Tuma,2972 Hillview Street,Winnsboro,SC,29180,United States,1992-09-29,134.2,69,19.8,HawraSultanahTuma@superrito.com,18037121180
165,female,Hường,Lâm,4795 Better Street,Olathe,KS,66061,United States,1959-06-19,193.6,63,34.3,LamHoangHuong@rhyta.com,19133938663
166,male,Zlatko,Rukavina,592 Rafe Lane,Yazoo City,MS,39194,United States,1976-12-12,198.7,70,28.5,ZlatkoRukavina@cuvox.de,16627169586
167,male,Peter,Pospíšil,200 Hall Place,Longview,TX,75601,United States,1989-01-01,225.3,70,32.3,PeterPospisil@cuvox.de,19037498046
168,female,Melisa,Mata,2775 Single Street,Bedford,MA,01730,United States,1941-12-15,209.7,65,34.9,MelisaMataSantacruz@rhyta.com,17816041901
169,female,Galit,Casárez,513 Duck Creek Road,Palo Alto,CA,94306,United States,1956-05-12,118.8,67,18.6,GalitCasarezBrito@jourrapide.com,16508496900
170,male,Markus,Solberg,4148 Callison Lane,Bensalem,DE,19020,United States,1953-11-21,140.6,70,20.2,MarkusSolberg@fleckens.hu,13024748075
171,male,Chikere,Achebe,321 Briercliff Road,Brooklyn,NY,11227,United States,1939-01-12,215.4,67,33.7,ChikereAchebe@jourrapide.com,17186289500
172,female,Blagica,Klobučar,3920 Braxton Street,La Grange,IL,60525,United States,1921-11-06,106.5,59,21.5,BlagicaKlobucar@einrot.com,18155337692
173,male,Alvin,Jackson,3411 Pyramid Valley Road,Iowa City,IA,52240,United States,1945-12-01,177.8,71,24.8,AlvinAJackson@armyspy.com,13195413295
174,female,Marija,Grubišić,954 Summit Park Avenue,Auburn Hills,MI,48057,United States,1985-12-28,155.1,69,22.9,MarijaGrubisic@cuvox.de,12489440932
175,female,Michelle,Tansey,284 Mudlick Road,Spokane,WA,99218,United States,1978-02-15,147.8,61,27.9,MichelleDTansey@dayrep.com,15094662907
176,female,Katrine,Lynge,4943 Isaacs Creek Road,Jacksonville,IL,62650,United States,1934-08-25,163.2,60,31.9,KatrineLynge@gustr.com,12174915261
177,female,Makda,Abraham,4093 Smith Street,Lowell,MA,01852,United States,1979-06-24,145.2,65,24.2,MakdaAbraham@einrot.com,15088570477
178,female,Monika,Lončar,377 Norman Street,Los Angeles,CA,90014,United States,1927-07-19,203.7,63,36.1,MonikaLoncar@rhyta.com,13233274721
179,female,Else,Andersen,1386 Farland Street,Chicago,IL,60631,United States,1975-06-16,197.1,65,32.8,ElseAndersen@rhyta.com,17739347423
180,male,Dominik,Grunewald,3574 Park Boulevard,Marshalltown,IA,50158,United States,1935-11-20,143.0,71,19.9,DominikGrunewald@cuvox.de,16417535678
181,female,Triana.,Terrazas,1934 August Lane,Monroe,LA,71201,United States,1968-03-04,176.2,66,28.4,TrianaTerrazasMoreno@superrito.com,13184175739
182,female,Yumena,Nakayama,4458 Stark Hollow Road,Gypsum,CO,81637,United States,1929-03-24,130.2,59,26.3,YumenaNakayama@gustr.com,19707545843
183,male,Kaodilinakachukwu,Nnonso,3261 Desert Broom Court,Jersey City,NJ,07304,United States,1963-11-09,230.3,69,34.0,KaodilinakachukwuNnonso@gustr.com,12017393931
184,male,Suhaim,Rahal,2270 Bel Meadow Drive,Fontana,CA,92335,United States,1944-02-08,207.7,71,29.0,SuhaimAbdelRahal@fleckens.hu,19093559418
185,female,Ásta,Grímsdóttir,1619 Melm Street,Ormond Beach,FL,32174,United States,1999-06-09,128.9,65,21.4,AstaGrimsdottir@dayrep.com,13869890019
186,male,Brice,Authier,1895 Hart Ridge Road,Elkton,MI,48731,United States,1939-12-16,125.1,64,21.5,BriceAuthier@superrito.com,19893752216
187,female,Jane,Citizen,2866 Myra Street,Providence,RI,02908,United States,1974-09-27,143.0,65,23.8,JaneCitizen@cuvox.de,14014856384
188,male,Władysław,Wieczorek,2338 Virginia Street,Chicago,IL,60605,United States,1994-01-15,133.1,67,20.8,WladyslawWieczorek@teleworm.us,17736072647
189,male,Søren,Sørensen,2397 Bell Street,New York,NY,10011,United States,1942-12-31,157.1,67,24.6,SrenSrensen@superrito.com,12122013108
190,female,Kisanet,Selassie,3227 Park Avenue,Sacramento,CA,95817,United States,1956-04-26,177.1,62,32.4,KisanetSelassie@gustr.com,19164533601
191,male,Regolo,Nucci,3595 Stuart Street,Gibsonia,PA,15044,United States,1935-09-15,213.0,67,33.4,RegoloNucci@einrot.com,17244496928
192,female,Fanette,Fournier,602 Tator Patch Road,Chicago,IL,60607,United States,1938-10-24,112.6,60,22.0,FanetteFournier@einrot.com,13128645737
193,female,Jade,Parker,2957 Feathers Hooves Drive,Garden City,NY,11530,United States,1927-06-19,188.8,63,33.4,JadeParker@superrito.com,16317046487
194,male,Borna,Šlezinger,3073 Bedford Street,West Haven,CT,06516,United States,1987-03-21,203.9,69,30.1,BornaSlezinger@cuvox.de,12039333979
195,male,Urso,Aranda,1330 Lincoln Street,Hopewell  Mercer,NJ,08525,United States,1999-07-03,163.7,70,23.5,UrsoArandaSanchez@rhyta.com,16094663275
196,female,Lamara,Dratchev,3731 Swick Hill Street,New Orleans,LA,70113,United States,1954-10-20,181.3,67,28.4,LamaraDratchev@teleworm.us,19852537891
197,female,Albina,Zetticci,3141 Brentwood Drive,Austin,TX,78702,United States,1983-05-13,171.6,63,30.4,AlbinaZetticci@teleworm.us,15127382609
198,male,Thể,Lương,2403 Ripple Street,Gaylord,MI,49735,United States,1967-11-15,223.1,70,32.0,LuongKhacThe@dayrep.com,19897057690
199,female,Eufrosina,Schiavone,1984 Counts Lane,Lexington,KY,40507,United States,1926-04-06,108.5,62,19.8,EufrosinaSchiavone@cuvox.de,18599779462
200,male,Zdeněk,Synek,3818 Strother Street,Dora,AL,35062,United States,1950-09-27,168.3,70,24.1,ZdenekSynek@jourrapide.com,12056484197
201,male,Kifle,Mustafa,4535 Prospect Street,Pennsauken,NJ,08110,United States,1965-10-09,186.1,69,27.5,KifleMustafa@gustr.com,18566555415
202,male,Pirro,Galvez,2831 Milford Street,Exeter,NH,03833,United States,1971-02-25,172.5,73,22.8,PirroGalvezPaz@armyspy.com,16037732333
203,female,Jiřina,Šubrtová,4262 Heron Way,Portland,OR,97204,United States,1987-12-10,138.4,61,26.1,JirinaSubrtova@rhyta.com,15038207877
204,female,Mùi,Lương,1778 Rodney Street,Harvester,MO,63301,United States,1956-02-29,192.7,60,37.6,LuongHongMui@einrot.com,16364426946
205,male,Leixandre,Alanis,4103 Musgrave Street,Oklahoma City,OK,73102,United States,1938-03-25,222.6,69,32.9,LeixandreAlanisMadrigal@fleckens.hu,14052345350
206,male,Breno,Correia,3539 Bottom Lane,Tonawanda,NY,14150,United States,1974-07-11,180.6,67,28.3,BrenoLimaCorreia@superrito.com,17167435884
207,female,Leah,Wong,3548 Hilltop Drive,Canadian,TX,79014,United States,1934-06-11,129.8,62,23.7,LeahWong@einrot.com,18063232210
208,female,Beatrycze,Woźniak,182 Cross Street,Saginaw,MI,48607,United States,1946-03-14,119.2,61,22.5,BeatryczeWozniak@armyspy.com,19899364563
209,female,Gabriele,Saenger,3499 Baker Avenue,Arlington,TX,76011,United States,1973-08-26,121.2,68,18.4,GabrieleSaenger@armyspy.com,18179095667
210,female,Lalita,Eldarkhanov,,,,,,1950-08-14,143.4,62,26.2,,
211,female,Camilla,Zaitseva,4689 Briarhill Lane,Wooster,OH,44691,United States,1938-11-26,107.58545599999998,63,19.1,CamillaZaitseva@superrito.com,13302022145
212,female,Martha,Afanasyeva,3613 Lodgeville Road,Saint Paul,MN,55114,United States,1997-10-03,151.2,73,19.9,MarthaAfanasyeva@dayrep.com,16122284170
213,male,Jens,Poulsen,1942 Harry Place,Charlotte,NC,28202,United States,1963-12-09,168.1,71,23.4,JensPoulsen@fleckens.hu,17048055094
214,female,Onyemaechi,Onwughara,685 Duncan Avenue,New York,NY,10013,United States,1989-03-08,131.1,69,19.4,OnyemaechiOnwughara@einrot.com,19176229142
215,female,Gabriela,Michalčíková,383 Marion Street,Hartford,VT,05047,United States,1964-10-08,126.9,65,21.1,GabrielaMichalcikova@rhyta.com,18029526490
217,female,Gabrielle,Bidwill,3479 Elm Drive,Manhattan,NY,10016,United States,1963-10-11,170.1,67,26.6,GabrielleBidwill@teleworm.us,16464724758
218,male,Saidmohmad,Rushisvili,4192 Holly Street,Athens,GA,30601,United States,1959-06-11,216.5,67,33.9,SaidmohmadRushisvili@teleworm.us,17062664583
219,female,Sabr,Amari,4929 Raver Croft Drive,La Follette,TN,37766,United States,1936-11-19,122.2,64,21.0,SabrRumaithahAmari@fleckens.hu,14235632014
220,male,Mỹ,Quynh,,,,,,1978-04-09,237.8,69,35.1,,
221,male,Mijael,Guerra,1271 Pretty View Lane,Oakland,CA,94612,United States,1944-01-25,183.5,65,30.5,MijaelGuerraMoreno@teleworm.us,17078969250
222,male,Csaba,Sági,4040 Linda Street,Portland,PA,97205,United States,1943-01-12,181.3,70,26.0,SagiCsaba@armyspy.com,12679329852
223,female,Malina,Balagić,4019 Cerullo Road,Louisville,KY,40244,United States,1962-02-14,224.8,68,34.2,MalinaBalagic@einrot.com,15023676167
224,female,Virginia,Boyles,945 Maple Avenue,Downey,ID,83234,United States,1939-09-22,202.4,63,35.8,VirginiaABoyles@gustr.com,12088973897
225,female,Veronika,Jindrová,3641 Selah Way,Brattleboro,VT,05301,United States,1981-01-15,171.4,62,31.3,VeronikaJindrova@jourrapide.com,18026140812
226,female,Rachel,Guzman,3210 Hickory Lane,Washington,DC,20024,United States,1974-03-20,122.3,62,22.4,RachelSGuzman@cuvox.de,12024856607
227,male,Kári,Hervinsson,4273 Deans Lane,Fairview Park,NY,10603,United States,1963-08-05,189.4,72,25.7,KariHervinsson@einrot.com,19147846646
228,female,Laura,Ehrlichmann,1829 Bungalow Road,Omaha,NE,68124,United States,1942-01-03,187.9,60,36.7,LauraEhrlichmann@einrot.com,14029382157
229,female,Cintia,Csorba,2126 Pearl Street,Sacramento,CA,95826,United States,1991-07-20,186.6,62,34.1,CsorbaCintia@fleckens.hu,19163797480
231,female,Elisabeth,Knudsen,,,,,,1976-09-23,165.9,63,29.4,,
232,female,Stefanie,Herman,204 Rockwell Lane,Halifax,NC,27839,United States,1978-09-03,217.8,67,34.1,StefanieHerman@fleckens.hu,12525835410
233,female,Kyouko,Ono,435 Pike Street,San Diego,CA,92123,United States,1940-11-19,126.9,59,25.6,KyoukoOno@superrito.com,18585879945
234,female,Angela,Lavrentyev,4143 Big Indian,New Orleans,LA,70112,United States,1995-07-21,155.3,61,29.3,AngelaLavrentyev@gustr.com,15045465321
235,female,Martina,Tománková,,,,,,1936-04-07,199.5,65,33.2,,
236,female,Justyna,Kowalczyk,3115 May Street,Pippa Passes,KY,41844,United States,1981-04-05,112.2,61,21.2,JustynaKowalczyk@jourrapide.com,16063689825
237,female,Fatimah,Kinfe,2640 Sweetwood Drive,Aurora,CO,80010,United States,1981-01-21,199.8,62,36.5,FatimahKinfe@fleckens.hu,13033603627
239,male,Aksel,Vestergaard,2246 Pheasant Ridge Road,Philadelphia,PA,19139,United States,1988-05-02,187.2,78,21.6,AkselHVestergaard@armyspy.com,12155282193
240,male,Khalid,Johnsrud,1147 Kelley Road,Gulfport,MS,39501,United States,1930-01-28,214.5,69,31.7,KhalidJohnsrud@teleworm.us,12283781355
241,female,Marphisa,Compagnon,3391 Marcus Street,Huntsville,AL,35806,United States,1967-03-09,198.0,63,35.1,MarphisaCompagnon@cuvox.de,12566155522
242,female,Skye,Gormanston,936 Lightning Point Drive,Arlington,TN,38002,United States,1934-01-20,139.7,60,27.3,SkyeGormanston@dayrep.com,19014845225
243,male,John,O'Brian,,,,,,1957-02-25,205.3,74,26.4,,
244,male,Mustafa,Adonay,1742 Tea Berry Lane,Superior,WI,54880,United States,1922-01-05,211.9,67,33.2,MustafaAdonay@dayrep.com,17158170134
246,female,Isabelle,Nash,932 Memory Lane,Rockford,IL,61101,United States,1986-02-03,206.1,62,37.7,IsabelleNash@einrot.com,18159798782
247,female,Meya,Sjöberg,1233 Liberty Avenue,Santa Ana,CA,92704,United States,1968-05-15,232.1,66,37.5,MeyaSjoberg@cuvox.de,17144312746
248,male,Tuukka,Leppäluoto,1886 Bicetown Road,New York,NY,10011,United States,1978-03-07,211.0,73,27.8,TuukkaLeppaluoto@teleworm.us,19174088855
249,female,Cecilie,Nilsen,1854 Kyle Street,North Loup,NE,68859,United States,1950-01-12,181.3,64,31.1,CecilieNilsen@superrito.com,13084967837
250,male,Benjamin,Mehler,,,,,,1951-10-30,146.5,69,21.6,,
251,female,Mee,Chung,3084 Blue Spruce Lane,Dundalk,MD,21222,United States,1932-10-27,206.1,64,35.4,MeeChung@teleworm.us,14102848935
253,male,Juan,Pérez,2549 Pearlman Avenue,Bedford,MA,01730,United States,1991-10-01,224.2,70,32.2,JuanPerez@teleworm.us,19782438596
254,female,Krisztina,Magyar,3820 Terry Lane,Orlando,FL,32810,United States,1950-05-03,117.0,64,20.1,MagyarKrisztina@superrito.com,13212870484
255,male,Kang,Mai,1109 Beechwood Drive,Pittsburgh,PA,15205,United States,1986-09-16,200.4,70,28.8,KangMai@jourrapide.com,14122746756
256,female,Mette,Sandgreen,2324 Benson Street,Elk Lake,WI,54739,United States,1938-05-13,187.1,60,36.5,MetteSandgreen@gustr.com,17152313508
257,female,Veronica,Bogolyubova,3945 Simons Hollow Road,Trevorton,PA,17881,United States,1981-06-16,128.9,67,20.2,VeronicaBogolyubova@teleworm.us,15707976666
258,male,Jin,Kung,,,,,,1995-05-17,231.7,69,34.2,,
259,male,Abel,Yonatan,2621 Koontz Lane,Burbank,CA,91502,United States,1952-04-29,137.9,66,22.3,AbelYonatan@teleworm.us,18188417660
260,female,Sara,Miles,4223 Chestnut Street,Tampa,FL,33610,United States,1982-03-27,166.5,61,31.5,SaraDMiles@gustr.com,17274397150
261,female,Emily,Henriksen,4236 Beech Street,Antioch,CA,94509,United States,1957-07-08,206.4,66,33.3,EmilyNHenriksen@armyspy.com,19257576139
262,male,Jeremy,Montagu,4988 Lynn Street,Boston,MA,02110,United States,1982-06-23,192.7,74,24.7,JeremyMontagu@teleworm.us,16172970387
263,female,Rebecca,Priest,2020 Gore Street,Houston,TX,77092,United States,1988-03-26,194.0,68,29.5,RebeccaRPriest@dayrep.com,17135564328
264,female,Julia,Carvalho,3662 Shinn Street,New York,NY,10036,United States,1931-04-11,171.8,61,32.5,JuliaAzevedoCarvalho@superrito.com,12127824151
265,female,Wafiyyah,Asfour,,,,,,1989-11-03,158.6,63,28.1,,
266,female,Þórunn,Tryggvadóttir,77 Juniper Drive,Mio,MI,48647,United States,1978-06-09,120.0,69,17.7,orunnTryggvadottir@dayrep.com,19898267884
267,female,Johanna,Dreher,3857 Straford Park,Whitesburg,KY,41858,United States,1948-10-06,187.0,61,35.3,JohannaDreher@superrito.com,16066324327
268,female,Bernarda,Cindrić,1753 Sherman Street,Salina,KS,67401,United States,1986-01-16,145.6,61,27.5,BernardaCindric@teleworm.us,17858236728
269,female,Päivi,Mattila,4320 Rardin Drive,San Carlos,CA,94070,United States,1933-05-28,132.0,59,26.7,PaiviMattila@rhyta.com,16506310002
270,female,Flavia,Fiorentino,,,,,,1937-10-09,175.2,61,33.1,,
271,female,Jowita,Wiśniewska,2168 Butternut Lane,Granite City,IL,62040,United States,1934-11-08,108.1,61,20.4,JowitaWisniewska@armyspy.com,16185123319
272,male,Russom,Amanuel,3942 Jerome Avenue,Edinburg,TX,78539,United States,1996-02-15,142.3,70,20.4,RussomAmanuel@armyspy.com,19563807249
273,female,Klementyna,Sokołowska,202 Ingram Street,Dayton,OH,45402,United States,1955-03-06,168.7,60,32.9,KlementynaSokolowska@superrito.com,19375187238
274,female,Mackenzie,McKay,4890 Devils Hill Road,State Line,MS,39362,United States,1971-03-18,214.9,66,34.7,MackenzieMcKay@superrito.com,16018483093
275,female,Nora,Nyborg,2852 Irving Road,Westerville,OH,43081,United States,1958-02-10,202.6,68,30.8,NoraNyborg@einrot.com,17405522444
276,male,Eddie,Archer,2043 Jadewood Drive,Lombard,IL,60148,United States,1982-07-17,158.6,69,23.4,EddieAArcher@gustr.com,12243056805
277,male,Alex,Crawford,373 Fantages Way,Hope,ID,83836,United States,1924-07-07,223.1,70,32.0,AlexCrawford@dayrep.com,12082649063
279,female,Generosa,Cabán,,,,,,1962-12-16,124.3,69,18.4,,
280,female,Hanna-Mari,Filatov,2127 Columbia Mine Road,Riverton,WV,26814,United States,1967-01-05,200.8,62,36.7,Hanna-MariFilatov@fleckens.hu,13045679723
281,male,David,Beauvais,98 Freshour Circle,San Antonio,TX,78258,United States,1931-05-01,128.5,67,20.1,DavidLBeauvais@rhyta.com,12102183477
282,male,Kristján,Ingason,677 Broad Street,Birmingham,AL,35203,United States,1986-12-01,214.1,69,31.6,KristjanIngason@gustr.com,12054946040
284,male,Nwachukwu,Nebeolisa,2873 John Calvin Drive,Chicago,IL,60605,United States,1986-03-10,245.5,68,37.3,NwachukwuNebeolisa@cuvox.de,17088452053
285,male,Nilton,Quintanilla,4038 Farland Street,Walpole,MA,02081,United States,1980-02-09,186.3,75,23.3,NiltonQuintanillaAlmonte@rhyta.com,17742193140
286,male,Ayden,Allan,1384 Dovetail Estates,Oklahoma City,OK,73102,United States,1976-03-11,160.8,72,21.8,AydenAllan@rhyta.com,15809919678
287,male,Lewis,Webb,,,,,,1979-04-01,155.3,68,23.6,,
288,male,Kari,Laatikainen,1231 Grim Avenue,San Diego,CA,92111,United States,1976-03-21,149.6,72,20.3,KariLaatikainen@fleckens.hu,16198183436
289,male,Fareeq,Kalb,1043 Ventura Drive,Santa Cruz,CA,95060,United States,1985-05-01,194.5,70,27.9,FareeqJawharKalb@armyspy.com,18314274114
290,female,Ursula,Freud,3538 Paul Wayne Haggerty Road,Kenner,LA,70065,United States,1943-08-04,170.1,64,29.2,UrsulaFreud@cuvox.de,15044417744
291,female,Una,Traustadóttir,1027 Tenmile Road,Bedford,MA,01730,United States,1930-02-01,152.3,59,30.8,UnaTraustadottir@armyspy.com,17817390244
292,male,Enco,Žibrik,4792 Maud Street,Camden Wyoming,DE,19934,United States,1983-01-25,203.9,74,26.2,EncoZibrik@superrito.com,13026982057
293,male,Fraser,Hunter,3072 Braxton Street,Cissna Park,IL,60924,United States,1929-07-09,143.0,64,24.5,FraserHunter@teleworm.us,18154575970
294,male,Jeramy,Hopkins,2651 Black Oak Hollow Road,Walnut Creek,CA,94597,United States,1995-09-11,179.1,71,25.0,JeramyAHopkins@teleworm.us,14088344087
295,female,Annie,Allen,3634 Lyon Avenue,Cambridge,MA,02142,United States,1926-03-31,159.7,60,31.2,AnnieJAllen@superrito.com,15089216327
296,male,Albino,Schiavone,3113 Timber Ridge Road,Sacramento,CA,95814,United States,1928-06-30,180.0,67,28.2,AlbinoSchiavone@fleckens.hu,19168179960
297,female,Chỉ,Lâm,,,,,,1990-05-14,181.1,63,32.1,,
298,male,Bodor,Csonka,323 Platinum Drive,Crafton,PA,15205,United States,1993-07-18,157.3,67,24.6,CsonkaBodor@jourrapide.com,17247590310
299,male,Connor,Harold,3688 Glenview Drive,Corpus Christi,TX,78476,United States,1923-09-12,182.2,69,26.9,ConnorHarold@fleckens.hu,13615335161
300,female,Linda,Lundy,3964 Walnut Avenue,Bovill,ID,83823,United States,1969-01-29,192.5,69,28.4,LindaJLundy@gustr.com,12088261678
301,female,Benigna,Ferrari,4912 Hart Country Lane,Columbus,GA,31901,United States,1960-01-06,181.5,61,34.3,BenignaFerrari@einrot.com,17066160152
302,female,Onyekachukwu,Obinna,2970 Forest Avenue,New York,NY,10004,United States,1997-01-24,154.7,65,25.7,OnyekachukwuObinna@teleworm.us,16469826609
303,male,Niels,Lange,3683 Gorby Lane,Hattiesburg,MS,39401,United States,1931-06-01,201.5,70,28.9,NielsLange@cuvox.de,16012967799
304,female,Joe,Edwards,1526 Tully Street,Detroit,MI,48219,United States,1963-04-08,149.8,61,28.3,JoeVEdwards@armyspy.com,13135891746
305,female,Signý,Grímsdóttir,3268 Karen Lane,Louisville,KY,40202,United States,1979-01-26,141.5,67,22.2,SignyGrimsdottir@rhyta.com,15029026188
306,female,Addolorata,Lombardi,550 Cliffside Drive,Binghamton,NY,13901,United States,1962-10-19,189.0,65,31.4,AddolorataLombardi@jourrapide.com,16073485625
307,male,Mijndert,Ouwendijk,4839 North Avenue,Palmyra,NE,68418,United States,1992-07-05,124.1,67,19.4,MijndertOuwendijk@jourrapide.com,14027805724
308,female,Mathea,Lillebø,4168 Coventry Court,Gulfport,MS,39501,United States,1928-11-30,112.4,65,18.7,MatheaLilleb@fleckens.hu,12282372271
309,male,Daud,Batukayev,153 Fieldcrest Road,Huntington,NY,11743,United States,1983-09-15,178.9,73,23.6,DaudBatukayev@teleworm.us,16318753023
310,male,Valur,Bjarkason,1782 New Creek Road,Birmingham,AL,35203,United States,1933-12-18,130.7,68,19.9,ValurBjarkason@cuvox.de,12568729211
311,male,Hugo,Collins,3214 Better Street,Lenexa,KS,66219,United States,1932-02-03,193.6,69,28.6,HugoCollins@cuvox.de,19133229114
312,female,Erica,MacDonald,2011 Eastland Avenue,Philadelphia,MS,39350,United States,1937-05-04,171.4,63,30.4,EricaMacDonald@teleworm.us,16013897682
313,female,Holly,Macleod,57 Norman Street,Los Angeles,CA,90017,United States,1935-11-16,190.7,62,34.9,HollyMacleod@jourrapide.com,13232806511
314,female,Mgbankwo,Afamefuna,1774 George Avenue,Atmore,AL,36502,United States,1984-07-18,188.5,67,29.5,MgbankwoAfamefuna@einrot.com,12513592088
315,male,Renzo,Lucchese,4145 Fairfax Drive,Branchburg,NJ,08876,United States,1970-02-05,212.1,69,31.3,RenzoLucchese@dayrep.com,19088844247
316,male,Brancaleone,Russo,2074 Parrish Avenue,San Antonio,TX,78217,United States,1997-06-20,211.9,74,27.2,BrancaleoneRusso@jourrapide.com,18308514280
317,female,Chân,Bùi,115 Frank Avenue,Amherst,MA,01002,United States,1932-10-11,162.1,61,30.6,BuiQuynhChan@fleckens.hu,14132593637
318,female,Nancy,Parker,4605 Hall Street,Las Vegas,NV,89110,United States,1945-03-21,106.0,63,18.8,NancyJParker@gustr.com,17024385138
319,male,Benoît,Bonami,230 Lady Bug Drive,Garden City,NY,11530,United States,1975-04-13,162.8,70,23.4,BenoitBonami@gustr.com,17189548136
320,female,Wilma,Olofsson,2235 Catherine Drive,Fargo,ND,58102,United States,1985-11-17,154.9,69,22.9,WilmaOlofsson@teleworm.us,17012353404
321,male,Noriyuki,Sakai,353 Whaley Lane,Milwaukee,WI,53202,United States,1934-04-29,150.3,70,21.6,NoriyukiSakai@gustr.com,12625659052
322,female,Dalmacia,Madrid,4784 Paul Wayne Haggerty Road,New Orleans,LA,70112,United States,1960-02-02,118.4,68,18.0,DalmaciaMadridValenzuela@einrot.com,15044034615
323,male,Mười,Liễu,4346 Sussex Court,Chilton,TX,76632,United States,1974-07-27,218.5,66,35.3,LieuThanhMuoi@teleworm.us,12545462728
324,female,Nancsi,Polak,2913 Rogers Street,Cincinnati,OH,45236,United States,1978-12-28,143.9,61,27.2,PolakNancsi@cuvox.de,15134786938
325,male,Kong,Lei,4508 Goldcliff Circle,Washington,DC,20009,United States,1937-08-10,165.2,72,22.4,KongLei@fleckens.hu,12022382247
326,female,Sara,Karjalainen,720 Tator Patch Road,Chicago,IL,60601,United States,1946-08-20,172.5,63,30.6,SaraKarjalainen@armyspy.com,13128566826
327,female,Suoma,Koivunen,2917 Golden Ridge Road,Schenectady,NY,12303,United States,1927-12-27,114.0,62,20.8,SuomaKoivunen@gustr.com,15183790603
328,male,Torfi,Írisarson,1463 Beechwood Avenue,Belleville,NJ,07109,United States,1977-10-03,214.7,68,32.6,TorfiIrisarson@jourrapide.com,19088717009
329,female,Anja,Hueber,3216 Lodgeville Road,Minneapolis,MN,55402,United States,1987-04-16,151.8,65,25.3,AnjaHueber@teleworm.us,16123426065
330,female,Csilla,Herczegh,149 Marion Drive,Tampa,FL,33624,United States,1940-06-14,172.7,66,27.9,HerczeghCsilla@jourrapide.com,18134348122
331,male,Vasco,van de Wiel,2691 Kessla Way,Pritchardville,SC,29902,United States,1981-01-03,153.8,72,20.9,VascovandeWiel@rhyta.com,18433685129
332,male,Leon,Scholz,3106 Evergreen Lane,Irvine,CA,92618,United States,1989-09-14,150.9,70,21.6,LeonScholz@fleckens.hu,13236359919
333,male,Abel,Efrem,2333 Hidden Pond Road,Old Hickory,TN,37138,United States,1971-02-15,224.0,67,35.1,AbelEfrem@fleckens.hu,16157558235
334,male,Jad Allah,Gaber,2704 Windy Ridge Road,Monroeville,IN,46773,United States,1926-05-14,174.2,69,25.7,JadAllahSayyarGaber@rhyta.com,12606231176
335,male,Eugene,Mironov,1840 Millbrook Road,Bartlett,IL,60103,United States,1963-01-11,195.8,65,32.6,EugeneMironov@dayrep.com,16308379473
336,female,Lixue,Hsueh,1540 Overlook Drive,Crawfordsville,IN,47933,United States,1925-03-29,102.7,59,20.7,LixueHsueh@dayrep.com,17653590147
337,female,Sharon,Collins,1240 Summit Park Avenue,Pontiac,MI,48342,United States,1932-09-03,164.8,67,25.8,SharonLCollins@jourrapide.com,12489781574
338,male,León,Reynoso,385 Walnut Avenue,Eagle,ID,83642,United States,1931-05-16,209.4,65,34.8,LeonReynosoRendon@einrot.com,12088302415
339,female,Lóa,Hrafnsdóttir,3417 Bassel Street,Metairie,LA,70001,United States,1925-04-30,114.1,67,17.9,LoaHrafnsdottir@jourrapide.com,19853358662
340,male,Pavel,Filípek,3094 Oral Lake Road,Apple Valley,MN,55124,United States,1977-08-18,229.0,67,35.9,PavelFilipek@rhyta.com,19524315166
341,female,Minea,Lindgren,2272 Williams Avenue,Palmdale,CA,93550,United States,1940-01-10,176.9,64,30.4,MineaLindgren@jourrapide.com,16612658708
342,female,Fatimah,Khoury,883 Oakwood Circle,Fullerton,CA,93632,United States,1950-01-23,120.3,67,18.8,FatimahAqilahKhoury@superrito.com,19492900728
343,female,Mathilde,Nørgaard,846 Copperhead Road,Hartford,CT,06182,United States,1985-01-21,127.2,61,24.0,MathildeDNrgaard@superrito.com,18606184560
344,female,Emy,Markus,288 Colony Street,Stamford,CT,06901,United States,1999-01-30,140.6,65,23.4,EmyMarkus@armyspy.com,12032513573
345,female,Sophia,Haugen,4178 Despard Street,Atlanta,GA,30303,United States,1939-06-04,181.1,63,32.1,SophiaHaugen@dayrep.com,14047133641
346,female,Asuna,Morita,1324 Duffy Street,Medaryville,IN,47957,United States,1969-12-30,134.2,61,25.4,AsunaMorita@superrito.com,12198433924
347,female,Helen,Luwam,2687 Hinkle Deegan Lake Road,Binghamton,NY,13904,United States,1946-07-06,166.3,60,32.5,HelenLuwam@dayrep.com,16072061483
348,female,Urška,Aličajić,3781 Hamill Avenue,San Diego,CA,92109,United States,1952-06-27,183.3,63,32.5,UrskaAlicajic@rhyta.com,18582732043
349,male,Saber,Ménard,1424 Primrose Lane,New Glarus,WI,53574,United States,1935-10-02,197.1,69,29.1,SaberMenard@rhyta.com,16085271021
350,male,Kristoffer,Martinsen,1865 Honeysuckle Lane,Packwood,WA,98361,United States,1964-12-06,161.5,73,21.3,KristofferMartinsen@dayrep.com,13604945489
351,male,Diệt,Bùi,3788 Worthington Drive,Rylie,TX,75235,United States,1936-04-18,119.0,65,19.8,BuiKimDiet@rhyta.com,19725570198
352,female,Nile,Mehari,2458 Broadway Avenue,Chattanooga,TN,37403,United States,1956-02-27,197.6,65,32.9,NileMehari@gustr.com,14237991730
353,male,Marek,﻿Dvořák,633 Better Street,Savannah,GA,31401,United States,1966-12-19,227.7,67,35.7,MarekDvorak@gustr.com,19129886655
354,male,Ole,Petersen,3650 Graystone Lakes,Dudley,GA,31022,United States,1931-07-14,136.8,69,20.2,OlePetersen@armyspy.com,14786767058
355,female,Vivian,House,4932 Goldleaf Lane,Newark,NJ,07102,United States,1936-08-13,130.2,62,23.8,VivianRHouse@dayrep.com,12015862848
356,female,Chiho,Higa,4500 Myra Street,Providence,RI,02905,United States,1935-05-25,182.6,59,36.9,ChihoHiga@teleworm.us,14014562797
357,female,Sinead,Reilly,3893 Eva Pearl Street,Maurepas,LA,70449,United States,1923-04-05,148.3,64,25.5,SineadReilly@cuvox.de,12256955230
358,female,Chiemela,Tobeolisa,2881 Harter Street,Bellefontaine,OH,43311,United States,1965-06-07,187.9,69,27.7,ChiemelaTobeolisa@rhyta.com,19375929410
359,female,Amalie,Christensen,3077 Colony Street,Meriden,CT,06450,United States,1941-10-01,160.8,63,28.5,AmalieJChristensen@einrot.com,12032351076
360,female,Merci,Leroux,4519 Sussex Court,Copperas Cove,TX,76552,United States,1955-06-08,132.2,65,22.0,MerciLeroux@jourrapide.com,12545186365
361,male,Kerman,Dandonneau,3688 Adonais Way,Atlanta,GA,30303,United States,1998-04-09,165.9,71,23.1,KermanDandonneau@superrito.com,16784123728
362,male,Hans Peter,Radislav,208 Birch  Street,El Paso,TX,79905,United States,1973-10-28,169.0,70,24.2,HansPeterRadislav@gustr.com,19156121462
363,male,Luboš,Pecha,1510 Allison Avenue,Norfolk,VA,23510,United States,1936-01-24,132.2,69,19.5,LubosPecha@rhyta.com,17576241525
364,female,Elisabetta,Lorenzo,1014 Locust Court,Los Angeles,CA,90017,United States,1927-07-16,124.7,61,23.6,ElisabettaLorenzo@gustr.com,15624525685
365,female,Chukwumoge,Ogochukwu,4704 Edsel Road,Sherman Oaks,CA,91403,United States,1960-09-16,212.3,75,26.5,ChukwumogeOgochukwu@teleworm.us,18183727106
366,male,Robert,Wagner,162 Brooklyn Street,Salem,VA,24153,United States,1925-06-20,200.0,67,31.3,RobertWagner@jourrapide.com,15409861369
367,male,Erick,Pinto,2884 Elsie Drive,Aberdeen,SD,57401,United States,1945-09-24,183.5,68,27.9,ErickSouzaPinto@cuvox.de,16052504942
368,female,Ava,Fisher,4386 Camden Street,Sparks,NV,89431,United States,1928-03-29,191.0,60,37.3,AvaFisher@rhyta.com,17753589076
369,male,Corey,Nicholls,3427 Gerald L. Bates Drive,Boston,MA,02110,United States,1989-04-25,165.0,74,21.2,CoreyNicholls@jourrapide.com,16178307216
370,female,Farizah,Sleiman,2322 Grim Avenue,San Diego,CA,92101,United States,1943-08-19,190.5,62,34.8,FarizahAminehSleiman@teleworm.us,16196520285
371,male,Olof,Holm,288 Smith Street,Taunton,MA,02780,United States,1999-04-07,214.1,70,30.7,OlofHolm@gustr.com,15088212421
372,female,Asya,Musliyevich,1763 Williams Mine Road,Weehawken,NJ,07087,United States,1995-07-15,156.0,63,27.6,AsyaMusliyevich@armyspy.com,19082877099
373,male,Miłosław,Wiśniewski,796 Eagle Street,Collinsville,IL,62234,United States,1979-11-13,149.2,68,22.7,MiloslawWisniewski@rhyta.com,16183463914
374,female,Johana,Hrdá,541 Green Hill Road,Springdale,AR,72762,United States,1952-08-04,216.9,66,35.0,JohanaHrda@dayrep.com,14792485663
375,male,Ingi,Þráinsson,707 Goodwin Avenue,Colfax,WA,99111,United States,1986-02-05,210.8,69,31.1,Ingirainsson@dayrep.com,15093978510
376,female,Sofia,Hermansen,2272 Woodland Avenue,Houma,LA,70360,United States,1957-02-27,186.8,65,31.1,SofiaBHermansen@rhyta.com,19855804827
377,female,Ivona,Jakšić,1051 Bassell Avenue,Wichita,AR,67202,United States,1935-09-05,200.8,62,36.7,IvonaJaksic@einrot.com,15016364058
378,female,Cumelén,Miramontes,4213 Isaacs Creek Road,Tolono,IL,61880,United States,1936-01-30,130.0,66,21.0,CumelenMiramontesAcosta@gustr.com,12174855673
379,female,Furuta,Osman,3300 Woodridge Lane,Memphis,TN,38115,United States,1933-11-28,138.8,63,24.6,FurutaOsman@rhyta.com,19013163780
380,female,Rovzan,Kishiev,4220 Simpson Square,Sulphur,OK,73086,United States,1982-07-13,136.0,63,24.1,RovzanKishiev@armyspy.com,15806225674
381,female,Silje,Kristiansen,4992 Moonlight Drive,Pleasantville,NJ,08232,United States,1996-02-07,162.4,64,27.9,SiljeAKristiansen@dayrep.com,16096412070
382,male,Ronnie,Clapp,1624 Rosebud Avenue,Wheatley,AR,72392,United States,1924-09-24,138.4,67,21.7,RonnieKClapp@gustr.com,18704575086
383,male,Diðrik,Maríasson,4015 Juniper Drive,Mount Pleasant,MI,48858,United States,1949-03-25,149.6,71,20.9,DirikMariasson@jourrapide.com,19898221351
384,male,Torben,Mortensen,4682 Science Center Drive,Monteview,ID,83435,United States,1943-07-24,168.7,69,24.9,TorbenMMortensen@einrot.com,12086572473
385,male,Even,Knutsen,4851 Andy Street,Custer,SD,57730,United States,1972-10-26,180.2,74,23.1,EvenKnutsen@rhyta.com,16054405492
386,female,Rice,Yudina,4649 Worley Avenue,Nellysford,VA,22958,United States,1986-02-14,221.8,68,33.7,RiceYudina@dayrep.com,14343618479
387,male,Sargent,Flamand,163 Hide A Way Road,San Jose,CA,95134,United States,1965-05-10,207.7,65,34.6,SargentFlamand@dayrep.com,14082156012
388,female,Vallie,Prince,550 Mulberry Lane,Fort Lauderdale,FL,33301,United States,1998-01-16,152.7,67,23.9,VallieSPrince@cuvox.de,15618265683
389,male,Szilveszter,Totth,2785 Norma Lane,Shreveport,LA,71109,United States,1990-08-14,145.2,71,20.2,TotthSzilveszter@jourrapide.com,13186217385
390,male,Yegor,Uspensky,4900 Philli Lane,Tulsa,OK,74133,United States,1956-09-10,136.8,65,22.8,YegorUspensky@fleckens.hu,19184599811
391,male,Hideki,Haraguchi,3995 Colonial Drive,La Grange,TX,78945,United States,1997-02-13,181.3,67,28.4,HidekiHaraguchi@einrot.com,19796397844
392,male,Daimy,Tromp,522 Lamberts Branch Road,Sunrise,FL,33323,United States,1990-05-23,198.0,75,24.7,DaimyTromp@superrito.com,17869704206
393,female,Kristin,Borgen,3008 Walkers Ridge Way,Lemont,IL,60439,United States,1971-12-12,206.1,67,32.3,KristinBorgen@gustr.com,16302525095
394,male,Steven,Roy,2816 Ashford Drive,Reston,VA,22070,United States,1975-09-19,162.4,72,22.0,StevenBRoy@rhyta.com,17037168652
395,female,Anja,Mueller,570 Alpha Avenue,Tyler,TX,75757,United States,1942-08-06,182.2,61,34.4,AnjaMueller@gustr.com,19039391025
396,male,Krisztián,Bakos,2316 Ingram Road,Yadkinville,NC,27055,United States,1975-03-28,231.9,74,29.8,BakosKrisztian@teleworm.us,13366778769
397,male,Tibor,Gyenes,3800 Tetrick Road,Sebring,FL,33870,United States,1932-07-22,186.6,68,28.4,GyenesTibor@jourrapide.com,18633863795
398,female,Pipaluk,Petrussen,3543 Cherry Ridge Drive,Scottsville,NY,14546,United States,1976-10-26,123.4,69,18.2,PipalukPetrussen@rhyta.com,15858895156
399,male,Ilija,Horvat,4380 Riverside Drive,Cave Spring,GA,30124,United States,1941-01-21,193.8,72,26.3,IlijaHorvat@dayrep.com,17067774981
400,male,Eric,Ek,4160 Pratt Avenue,Seattle,WA,98109,United States,1943-04-07,212.1,71,29.6,EricEk@jourrapide.com,13609651558
401,female,Sonya,Woldendorp,4438 Reeves Street,Plymouth,WI,53073,United States,1926-06-25,158.2,59,31.9,SonyaWoldendorp@cuvox.de,19208922965
402,female,Kasumi,Hori,1116 Dog Hill Lane,Lawrence,KS,66044,United States,1959-03-30,180.6,62,33.0,KasumiHori@gustr.com,17857488181
403,female,Manouck,Wubbels,4789 Devils Hill Road,Utica,MS,39175,United States,1964-11-03,201.5,65,33.5,ManouckWubbels@armyspy.com,16018856550
404,male,Robert,Maslov,2356 Myra Street,Providence,RI,02908,United States,1932-07-02,219.1,65,36.5,RobertMaslov@fleckens.hu,14015352675
405,female,Aaliyah,Rice,4237 Hamilton Drive,Texas City,TX,77591,United States,1936-07-14,123.0,65,20.5,AaliyahRice@dayrep.com,14099446516
406,male,Marcel,Peters,4476 Center Street,Albany,OR,97321,United States,1926-02-10,183.5,69,27.1,MarcelPeters@rhyta.com,15419679779
407,male,Dániel,Német,4278 Hart Country Lane,Dalton,GA,30720,United States,1994-11-21,175.6,73,23.2,NemetDaniel@cuvox.de,17065815226
408,female,Tegan,Johnson,2636 Benson Park Drive,Oklahoma City,OK,73107,United States,1928-01-19,156.6,65,26.1,TeganJohnson@gustr.com,14054705088
409,female,Giovana,Rocha,3542 Robinson Court,Grayling,MI,49738,United States,1938-05-02,113.1,67,17.7,GiovanaAzevedoRocha@superrito.com,19893900285
410,female,Albika,Ibragimov,4945 Jarvis Street,Buffalo,NY,14211,United States,1948-02-29,161.7,63,28.6,AlbikaIbragimov@superrito.com,17168975050
411,male,Nathan,Cumpston,1203 Benson Park Drive,Wayne,OK,73095,United States,1965-10-06,178.0,67,27.9,NathanCumpston@rhyta.com,14054497960
412,female,Štefanija,Novosel,1810 Hardesty Street,Albany,NY,12207,United States,1945-11-29,154.9,61,29.3,StefanijaNovosel@teleworm.us,15184874865
413,male,Finlay,Sheppard,4571 Walnut Hill Drive,Portland,OH,45204,United States,1948-06-16,161.3,70,23.1,FinlaySheppard@fleckens.hu,15132976359
414,male,Kai,Cunha,2967 Prudence Street,Detroit,MI,48221,United States,1990-02-01,163.5,74,21.0,KaiOliveiraCunha@cuvox.de,13133417799
415,male,Bartosz,Wysocki,1079 Ingram Street,Versailles,OH,45380,United States,1951-04-02,148.7,66,24.0,BartoszWysocki@cuvox.de,19375261152
416,female,Mgbeke,Ekwueme,1589 Roosevelt Wilson Lane,Diamond Bar,CA,91765,United States,1954-03-14,206.8,65,34.4,MgbekeEkwueme@cuvox.de,19098614356
417,male,Dani,Antoun,2595 Feathers Hooves Drive,Westbury,NY,11590,United States,1928-05-07,138.6,70,19.9,DaniMuhsinAntoun@armyspy.com,16316644813
418,female,Xiuxiu,Yuan,4277 Mutton Town Road,Redmond,WA,98052,United States,1943-03-08,150.0,66,24.2,XiuxiuYuan@superrito.com,13606894989
419,male,Mahmud,Kadyrov,3390 Hidden Meadow Drive,Stanton,ND,58571,United States,1980-06-18,215.2,79,24.2,MahmudKadyrov@gustr.com,17017452700
420,female,Maret,Sultygov,2127 Elk City Road,Indianapolis,IN,46268,United States,1969-10-20,126.1,63,22.3,MaretSultygov@teleworm.us,13179566166
421,male,Adlan,Shishani,4890 Abia Martin Drive,Manhattan,NY,10018,United States,1940-05-23,200.9,69,29.7,AdlanShishani@gustr.com,16314798171
422,female,Armina,Sauvé,4977 Arlington Avenue,Little Rock,AR,72210,United States,1928-10-08,165.0,61,31.2,ArminaSauve@dayrep.com,18702705502
423,female,Jázmin,Györfy,1049 Park Boulevard,Haverhill,IA,50120,United States,1958-09-21,129.4,64,22.2,GyorfyJazmin@jourrapide.com,16414759654
424,female,Simone,Baumgaertner,510 Berry Street,Colorado Springs,CO,80904,United States,1931-05-14,125.2,59,25.3,SimoneBaumgaertner@teleworm.us,17196616624
425,female,Krystiana,Kozłowska,2935 Diamond Cove,Providence,RI,02906,United States,1921-11-08,123.6,63,21.9,KrystianaKozlowska@cuvox.de,14014192975
426,female,Taylah,Mobourne,995 Beechwood Avenue,Weehawken,NJ,07087,United States,1961-07-04,188.5,67,29.5,TaylahMobourne@rhyta.com,19087514255
427,male,Rogelio,Taylor,4064 Marigold Lane,Miami,FL,33179,United States,1992-09-02,186.6,69,27.6,RogelioJTaylor@teleworm.us,13054346299
428,female,Tecla,Onio,3730 Seth Street,Abilene,TX,79601,United States,1990-12-16,174.7,61,33.0,TeclaOnio@jourrapide.com,13255138964
429,male,Marko,Kos,1128 Jacobs Street,Pittsburgh,PA,15212,United States,1982-10-21,227.7,69,33.6,MarkoKos@einrot.com,14123190903
430,female,Kristiina,Hyypiä,206 Eagle Lane,Grand Forks,MN,58203,United States,1922-05-02,152.1,65,25.3,KristiinaHyypia@cuvox.de,12187739682
431,male,Timothy,Cotton,4243 Hidden Meadow Drive,Devils Lake,ND,58301,United States,1995-12-12,135.7,68,20.6,TimothyJCotton@dayrep.com,17016621983
432,female,Manuela,Cindrić,4120 Thompson Drive,Dublin,CA,94568,United States,1942-12-01,219.9,64,37.7,ManuelaCindric@gustr.com,15103763772
433,female,Karen,Jakobsen,1690 Fannie Street,Houston,TX,77020,United States,1962-11-25,185.2,67,29.0,KarenJakobsen@jourrapide.com,19792030438
434,male,Leo,Vieira,4894 Chandler Hollow Road,Pittsburgh,PA,15215,United States,1975-03-09,154.4,71,21.5,LeoDVieira@cuvox.de,14124490733
435,female,Bao,She,1956 Rosemont Avenue,Anaheim,CA,92801,United States,1931-01-29,193.8,63,34.3,BaoShe@rhyta.com,13232090527
436,female,Ivana,Kašná,3343 Jefferson Street,Newport News,VA,23601,United States,1995-08-15,173.8,67,27.2,IvanaKasna@teleworm.us,17577367026
437,male,Sun,Ko,1962 Cabell Avenue,Washington,VA,20008,United States,1969-07-08,154.4,72,20.9,SunKo@einrot.com,17035470551
438,male,Alwin,Svensson,1846 Joseph Street,Union Grove,WI,53182,United States,1924-11-02,137.7,63,24.4,AlwinSvensson@armyspy.com,12628789576
439,female,Hannah,McIntosh,260 Derek Drive,New Philadelphia,OH,44663,United States,1946-09-13,112.0,67,17.5,HannahMcIntosh@superrito.com,13303654059
440,male,Hiromu,Horikawa,4567 Hazelwood Avenue,Des Moines,IA,50309,United States,1981-07-07,242.0,70,34.7,HiromuHorikawa@superrito.com,15153626574
441,male,David,Villadsen,1434 Oak Ridge Drive,St Elizabeth,MO,65559,United States,1924-11-30,137.3,68,20.9,DavidMVilladsen@armyspy.com,15734934748
442,male,Luis,Silva,959 Heritage Road,San Joaquin,CA,93660,United States,1946-11-02,239.1,71,33.3,LuisRibeiroSilva@jourrapide.com,15596936779
443,male,Ananías,Enríquez,2924 Stanley Avenue,Garden City,NY,11530,United States,1959-07-23,169.0,72,22.9,AnaniasEnriquezMontoya@armyspy.com,15165124875
444,female,Kajsa,Eidem,1953 Rhapsody Street,Ocala,FL,34471,United States,1964-04-26,191.0,60,37.3,KajsaEidem@superrito.com,13523625392
445,male,Angelico,Marchesi,456 Delaware Avenue,San Francisco,CA,94108,United States,1945-10-28,211.6,69,31.2,AngelicoMarchesi@fleckens.hu,14152772563
446,male,Maximus,Henzen,4334 Black Oak Hollow Road,San Jose,CA,95113,United States,1924-11-14,180.8,72,24.5,MaximusHenzen@einrot.com,14087929489
447,male,Eemil,Laine,2531 Eastland Avenue,Mclain,MS,39456,United States,1929-03-22,167.2,72,22.7,EemilLaine@einrot.com,16014180102
448,male,Luiz,Gomes,1812 Poplar Street,Chicago,IL,60631,United States,1978-04-23,160.4,70,23.0,LuizCavalcantiGomes@rhyta.com,17086912195
449,male,Ivan,Fomin,632 Peaceful Lane,Garfield Heights,OH,44128,United States,1930-06-10,139.9,65,23.3,IvanFomin@dayrep.com,12165023773
450,male,Bjørnar,Nilsen,2166 Tipple Road,Philadelphia,PA,19121,United States,1960-04-26,152.5,68,23.2,BjrnarNilsen@einrot.com,12157697116
451,male,Clinton,Miller,901 Southern Street,Roslyn,NY,11576,United States,1985-08-16,195.4,74,25.1,ClintonKMiller@rhyta.com,15166268021
452,female,Jia Li,Teng,1251 Clarence Court,Upland,CA,91786,United States,1928-12-07,202.2,66,32.6,JiaLiTeng@fleckens.hu,19099824264
453,female,Fearne,McGregor,1168 Stout Street,Harrisburg,PA,17111,United States,1936-06-30,142.1,65,23.6,FearneMcGregor@superrito.com,17173688321
454,male,Wu,Sung,1072 Bird Spring Lane,Houston,TX,77077,United States,1993-10-31,181.3,74,23.3,WuSung@gustr.com,12815564376
455,female,Bianca,Azevedo,2886 Straford Park,Cumberland,KY,40823,United States,1950-12-03,132.7,59,26.8,BiancaCarvalhoAzevedo@einrot.com,16065892819
456,female,Hui,Ch'eng,3423 Burning Memory Lane,Yardley,PA,19067,United States,1982-05-03,203.1,69,30.0,HuiCheng@rhyta.com,12153219611
457,male,Zikoranaudodimma,Chinedum,3402 Kildeer Drive,Newport News,VA,23602,United States,1935-12-25,150.5,67,23.6,ZikoranaudodimmaChinedum@cuvox.de,17572696500
458,female,Mevla,Grabljevec,2645 Moore Avenue,Fort Worth,TX,76102,United States,1984-12-02,215.8,66,34.8,MevlaGrabljevec@teleworm.us,18177775289
459,male,Sousuke,Nakahara,3743 Wescam Court,Reno,NV,89501,United States,1929-04-25,134.2,70,19.3,SousukeNakahara@jourrapide.com,17758486970
460,female,Idalia,Moore,4380 Grim Avenue,San Diego,CA,92073,United States,1993-10-26,102.1,61,19.3,IdaliaEMoore@cuvox.de,16197106286
461,male,Arne,Jørgensen,1033 Wayside Lane,Oakland,CA,94612,United States,1998-03-14,163.5,65,27.2,ArneJrgensen@fleckens.hu,15102381151
462,male,Cannan,Cabrera,2102 Geraldine Lane,New York,NY,10014,United States,1980-10-12,209.7,71,29.2,CannanCabreraOrdonez@superrito.com,16462894177
463,male,Guðni,Heimisson,430 Canis Heights Drive,Los Angeles,CA,90007,United States,1983-11-28,154.9,71,21.6,GuniHeimisson@superrito.com,12137496958
464,female,Bouke,Glaser,3006 Maple Court,Owensville,MO,65066,United States,1996-10-21,142.1,66,22.9,BoukeGlaser@einrot.com,15734377334
465,female,Meaza,Brhane,142 Broad Street,Springville,AL,35146,United States,1991-06-22,161.3,69,23.8,MeazaBrhane@superrito.com,12054679279
466,male,Gabryŝ,Tomaszewski,1343 Clair Street,Hillsboro,TX,76645,United States,1998-09-16,160.8,67,25.2,GabrysTomaszewski@armyspy.com,12545821795
467,female,Andrea,Brodahl,3234 Sardis Station,Golden Valley,MN,55422,United States,1994-09-07,166.1,62,30.4,AndreaBrodahl@armyspy.com,16125891495
468,female,Jožka,Resanovič,1557 Byers Lane,Redding,CA,96001,United States,1959-10-05,122.1,63,21.6,JozkaResanovic@superrito.com,15307739263
469,male,Tosh,Jensen,1536 John Daniel Drive,Argyle,MO,65001,United States,1969-12-19,194.7,68,29.6,ToshCJensen@superrito.com,15737283861
470,male,Harley,Tucker,1067 Ray Court,Wilmington,NC,28412,United States,1965-09-21,220.4,66,35.6,HarleyTucker@fleckens.hu,19102646229
471,male,Muhammad,Holden,3414 Franklin Avenue,Live Oak,FL,32064,United States,1969-09-08,159.5,66,25.7,MuhammadHolden@fleckens.hu,13862345932
472,female,Nadwah,Naifeh,69 Mattson Street,Portland,OR,97205,United States,1957-03-12,192.7,66,31.1,NadwahHawadahNaifeh@einrot.com,15034171995
473,female,Julia,Werner,325 Eastland Avenue,Natchez,MS,39120,United States,1938-09-14,155.3,61,29.3,JuliaWerner@teleworm.us,16014466829
474,female,Kate,Wilkinson,664 Lyon Avenue,South Boston,MA,02127,United States,1998-07-18,175.3,65,29.2,KateWilkinson@armyspy.com,15089052371
475,female,Esperanza,Labrosse,1370 Flint Street,Atlanta,GA,30303,United States,1961-10-07,181.5,63,32.1,EsperanzaLabrosse@armyspy.com,16782633564
476,male,Malik,Vaneker,1270 Haul Road,Mountain View,CA,94041,United States,1953-09-25,214.4,67,33.6,MalikVaneker@superrito.com,16509627179
477,female,Berta,Napolitani,1815 Garrett Street,Philadelphia,PA,19108,United States,1958-12-02,153.3,63,27.2,BertaNapolitani@rhyta.com,12679723749
478,male,Juliusz,Majewski,4435 Poe Road,Florence,SC,29501,United States,1966-09-29,212.1,69,31.3,JuliuszMajewski@superrito.com,18432126421
479,female,Edelma,Villalpando,312 Jim Rosa Lane,San Jose,CA,95134,United States,1977-06-24,109.6,63,19.4,EdelmaVillalpandoSantillan@teleworm.us,14157556435
480,male,Tapa,Arsanukayev,4720 Gordon Street,Ontario,CA,91762,United States,1955-09-15,220.0,65,36.6,TapaArsanukayev@dayrep.com,19094582515
481,male,Nasser,Mansour,547 Weekley Street,San Antonio,TX,78212,United States,1938-03-25,183.5,66,29.6,NasserMazinMansour@fleckens.hu,12103265509
482,male,Michael,Kristensen,1614 Heather Sees Way,Tulsa,OK,74116,United States,1930-08-10,154.7,65,25.7,MichaelKristensen@gustr.com,19187062776
483,male,Diogo,Souza,4033 White Avenue,Corpus Christi,TX,78401,United States,1945-03-03,220.0,65,36.6,DiogoBarrosSouza@jourrapide.com,13616934960
484,female,Angel,Grant,990 Melville Street,Memphis,TN,38118,United States,1987-08-14,123.9,61,23.4,AngelGrant@fleckens.hu,17315770292
485,male,Placido,Udinesi,1094 Jones Avenue,Greensboro,NC,28716,United States,1934-05-31,175.8,65,29.3,PlacidoUdinesi@dayrep.com,13366972005
486,male,Trifon,Izmailov,3697 Drainer Avenue,Fort Walton Beach,FL,32548,United States,1973-02-15,255.9,74,32.9,TrifonIzmailov@fleckens.hu,18506590417
487,male,Samuel,Blix,3488 Clair Street,Waco,TX,76706,United States,1983-07-06,211.4,74,27.1,SamuelBlix@dayrep.com,12546814504
488,male,Ivar,Löfgren,1346 Nicholas Street,Ottawa,KS,66067,United States,1962-11-07,242.4,77,28.7,IvarLofgren@armyspy.com,17852291188
489,male,Mika,Martinsson,962 George Street,Ocala,FL,34471,United States,1970-01-27,165.0,67,25.8,MikaMartinsson@armyspy.com,13524534601
490,female,Jasmine,Sykes,2607 Water Street,Lafayette,CA,94549,United States,1988-12-01,187.2,63,33.2,JasmineSykes@jourrapide.com,19252835425
491,male,Jackson,Addison,1160 Taylor Street,New Rochelle,NY,10801,United States,1953-05-29,192.7,69,28.5,JacksonAddison@armyspy.com,19146369304
492,female,Vanessa,Ferguson,241 Freshour Circle,San Antonio,TX,78205,United States,1950-09-21,149.8,67,23.5,VanessaFerguson@jourrapide.com,12102228684
493,male,Poldi,Tar,3958 Liberty Avenue,Burbank,CA,91505,United States,1970-05-23,184.6,70,26.5,TarPoldi@superrito.com,17144962264
494,female,Fen,Chin,1826 Poplar Chase Lane,Boise,ID,83702,United States,1997-03-18,195.1,68,29.7,FenChin@gustr.com,12083881065
495,female,Sirkka,Piirainen,4102 Ritter Avenue,Roseville,MI,48066,United States,1942-01-16,126.3,67,19.8,SirkkaPiirainen@teleworm.us,15867900975
496,male,Hajime,Tsukada,4111 Thunder Road,San Mateo,CA,94403,United States,1972-09-05,168.1,66,27.1,HajimeTsukada@dayrep.com,16505704896
497,male,Alexander,Hueber,3868 Freed Drive,Stockton,CA,95204,United States,1942-09-12,194.0,72,26.3,AlexanderHueber@jourrapide.com,12097622320
498,male,Masataka,Murakami,1179 Patton Lane,Tulsa,OK,74116,United States,1937-08-19,155.1,72,21.0,MasatakaMurakami@einrot.com,19189849171
499,male,Mustafa,Lindström,2530 Victoria Court,Milton Mills,ME,03852,United States,1959-04-10,181.1,72,24.6,MustafaLindstrom@jourrapide.com,12074770579
500,male,Ruman,Bisliev,494 Clarksburg Park Road,Sedona,AZ,86341,United States,1948-03-26,239.6,70,34.4,RumanBisliev@gustr.com,19282844492
501,female,Jinke,de Keizer,649 Nutter Street,Overland Park,MO,64110,United States,1971-01-13,171.2,67,26.8,JinkedeKeizer@teleworm.us,18162236007
502,female,Chidalu,Onyekaozulu,3652 Boone Crockett Lane,Seattle,WA,98109,United States,1952-02-13,176.9,67,27.7,ChidaluOnyekaozulu@jourrapide.com,13604432060
